time,angle
ÿþ0.01423359,0.1777129
0.03423405,0.1692829
0.05423355,0.1719813
0.07423401,0.1633782
0.09423447,0.1631977
0.114234,0.1699323
0.1342344,0.1580902
0.1542339,0.1448676
0.1742344,0.1452438
0.1942339,0.1370432
0.2142344,0.1124942
0.2342339,0.0810333
0.2542343,0.07546438
0.2742338,0.07658441
0.2942343,0.06422222
0.3142338,0.05167557
0.3342342,0.0492495
0.3542337,0.04245481
0.3742342,0.041305
0.3942337,0.04226955
0.4142342,0.0370753
0.4342337,0.03693047
0.4542341,0.04296128
0.4742336,0.03773812
0.4942341,0.03822553
0.5142336,0.03473527
0.534234,0.03736946
0.5542336,0.04395434
0.574234,0.05235419
0.5942345,0.05282256
0.614234,0.05608992
0.6342344,0.05919435
0.6542339,0.05710802
0.6742344,0.0598451
0.6942339,0.06485678
0.7142344,0.06208871
0.7342339,0.07069324
0.7542343,0.08327372
0.7742338,0.09252223
0.7942343,0.1239477
0.8142338,0.132404
0.8342342,0.156965
0.8542337,0.1846305
0.8742342,0.1958948
0.8942337,0.2236144
0.9142342,0.2554615
0.9342337,0.2818916
0.9542341,0.305606
0.9742336,0.3095749
0.9942341,0.3259873
1.014234,0.3579081
1.034234,0.3487051
1.054234,0.3476071
1.074234,0.3515727
1.094234,0.3514098
1.114234,0.359396
1.134234,0.3684151
1.154234,0.3756482
1.174234,0.3813039
1.194234,0.3813039
1.214234,0.3861385
1.234234,0.3755899
1.254234,0.3913241
1.274234,0.3965991
1.294234,0.3925098
1.314234,0.3957188
1.334234,0.4161684
1.354234,0.4172757
1.374234,0.4229892
1.394234,0.4337725
1.414234,0.474366
1.434234,0.5103938
1.454234,0.5121847
1.474234,0.542639
1.494234,0.5420694
1.514234,0.6004349
1.534234,0.6314304
1.554234,0.6881773
1.574234,0.7449854
1.594234,0.7577487
1.614234,0.806555
1.634234,0.8379068
1.654234,0.8321003
1.674234,0.8760142
1.694234,0.8646765
1.714234,0.8571221
1.734234,0.8586486
1.754234,0.8493966
1.774234,0.8248802
1.794234,0.8278996
1.814234,0.7961794
1.834234,0.7733206
1.854234,0.769227
1.874234,0.7704921
1.894234,0.7705937
1.914234,0.7569506
1.934234,0.7623507
1.954234,0.7658212
1.974234,0.7632891
1.994234,0.7728739
2.014234,0.7716559
2.034234,0.7606085
2.054234,0.7651815
2.074234,0.7836987
2.094234,0.7649746
2.114234,0.7249983
2.134234,0.7188578
2.154234,0.7419717
2.174234,0.7459197
2.194234,0.7688435
2.214234,0.7741911
2.234234,0.7709426
2.254234,0.7372745
2.274234,0.728725
2.294234,0.6439911
2.314234,0.5099766
2.334234,0.4490895
2.354234,0.3765846
2.374234,0.2999218
2.394234,0.2752254
2.414234,0.2157037
2.434234,0.1670282
2.454234,0.09805605
2.474234,0.05845514
2.494234,0.05412753
2.514234,0.05857502
2.534234,0.1001033
2.554234,0.1062656
2.574234,0.1254244
2.594234,0.1316137
2.614234,0.1434181
2.634233,0.1430066
2.654234,0.1482506
2.674234,0.1531751
2.694234,0.1536009
2.714234,0.1574217
2.734234,0.1608807
2.754234,0.1492051
2.774234,0.1468121
2.794234,0.1381147
2.814234,0.1314356
2.834234,0.1162581
2.854234,0.1079615
2.874234,0.09308955
2.894234,0.09215651
2.914234,0.0596861
2.934234,0.06283259
2.954234,0.02281486
2.974234,0.02817289
2.994234,0.05298233
3.014234,0.08645018
3.034234,0.09163447
3.054234,0.153532
3.074234,0.2012642
3.094234,0.2280354
3.114234,0.2690956
3.134233,0.3669364
3.154234,0.4281992
3.174234,0.4587087
3.194234,0.4886684
3.214234,0.5088937
3.234234,0.5313363
3.254234,0.525386
3.274234,0.512933
3.294234,0.5357768
3.314234,0.5312741
3.334234,0.5438951
3.354234,0.5556675
3.374234,0.5613946
3.394234,0.5527809
3.414234,0.5436497
3.434234,0.5171558
3.454234,0.5051047
3.474234,0.4953045
3.494234,0.4858252
3.514234,0.4785897
3.534234,0.4695428
3.554234,0.443134
3.574234,0.4370655
3.594234,0.429718
3.614234,0.3985036
3.634233,0.4027926
3.654234,0.3908047
3.674234,0.3847554
3.694234,0.3785493
3.714234,0.3613877
3.734234,0.3506817
3.754234,0.3460153
3.774234,0.3506592
3.794234,0.3702749
3.814234,0.3898916
3.834234,0.4326271
3.854234,0.4623972
3.874234,0.4810342
3.894234,0.5015142
3.914234,0.510832
3.934234,0.5149562
3.954234,0.5201232
3.974234,0.5134971
3.994234,0.5137166
4.014234,0.5092129
4.034234,0.5008313
4.054234,0.4891081
4.074234,0.4838061
4.094234,0.4835189
4.114234,0.4815917
4.134233,0.4939929
4.154234,0.4952133
4.174234,0.5103639
4.194234,0.5121699
4.214234,0.5156056
4.234234,0.5230443
4.254234,0.5185543
4.274234,0.5040275
4.294234,0.4967673
4.314234,0.4945588
4.334234,0.5007399
4.354234,0.5149418
4.374234,0.5306659
4.394234,0.5299509
4.414234,0.5374286
4.434234,0.5413267
4.454234,0.5394022
4.474234,0.5415522
4.494234,0.5441034
4.514234,0.5510637
4.534234,0.5493062
4.554234,0.5529132
4.574234,0.5914736
4.594234,0.6109181
4.614234,0.6255834
4.634233,0.6274259
4.654234,0.6180673
4.674233,0.6264641
4.694234,0.6269723
4.714234,0.6410674
4.734234,0.6385212
4.754234,0.6389661
4.774234,0.6701811
4.794234,0.6784582
4.814234,0.6917446
4.834234,0.7120768
4.854234,0.7456383
4.874234,0.7459591
4.894234,0.7677815
4.914234,0.7906847
4.934234,0.8038598
4.954234,0.8230001
4.974234,0.8518797
4.994234,0.8645054
5.014234,0.8852327
5.034234,0.9385577
5.054234,0.9859526
5.074234,1.009614
5.094234,1.043778
5.114234,1.048864
5.134233,1.060912
5.154234,1.11463
5.174233,1.117646
5.194234,1.163985
5.214234,1.179413
5.234234,1.225422
5.254234,1.251454
5.274234,1.288105
5.294234,1.311734
5.314234,1.338466
5.334234,1.352239
5.354234,1.375171
5.374234,1.399302
5.394234,1.400585
5.414234,1.42688
5.434234,1.435539
5.454234,1.453216
5.474234,1.479786
5.494234,1.481968
5.514234,1.448744
5.534234,1.428417
5.554234,1.421224
5.574234,1.407619
5.594234,1.407426
5.614234,1.408744
5.634233,1.417889
5.654234,1.419765
5.674233,1.423199
5.694234,1.427853
5.714234,1.432941
5.734234,1.436805
5.754234,1.431341
5.774234,1.426423
5.794234,1.419761
5.814234,1.409611
5.834234,1.409808
5.854235,1.400411
5.874233,1.384458
5.894234,1.360238
5.914234,1.323477
5.934235,1.298133
5.954233,1.243115
5.974234,1.223809
5.994234,1.201804
6.014235,1.181417
6.034233,1.181418
6.054234,1.172018
6.074234,1.181752
6.094234,1.187723
6.114233,1.213371
6.134233,1.232112
6.154234,1.224778
6.174234,1.267762
6.194233,1.272746
6.214233,1.281007
6.234234,1.28026
6.254234,1.306271
6.274235,1.329108
6.294233,1.344496
6.314234,1.365246
6.334234,1.380695
6.354235,1.399153
6.374233,1.417663
6.394234,1.416626
6.414234,1.42711
6.434235,1.408146
6.454233,1.406528
6.474234,1.417006
6.494234,1.43129
6.514235,1.440617
6.534233,1.465542
6.554234,1.504543
6.574234,1.507529
6.594234,1.544994
6.614233,1.563225
6.634233,1.602361
6.654234,1.610092
6.674234,1.621374
6.694233,1.626836
6.714233,1.628928
6.734234,1.628996
6.754234,1.631884
6.774235,1.634452
6.794233,1.646711
6.814234,1.64576
6.834234,1.646938
6.854235,1.653418
6.874233,1.652682
6.894234,1.668329
6.914234,1.669297
6.934235,1.67394
6.954233,1.685888
6.974234,1.6938
6.994234,1.718979
7.014235,1.721416
7.034233,1.723996
7.054234,1.729569
7.074234,1.725691
7.094234,1.72315
7.114233,1.715451
7.134233,1.712149
7.154234,1.710103
7.174234,1.703064
7.194233,1.698703
7.214233,1.694346
7.234234,1.681378
7.254234,1.674855
7.274235,1.651834
7.294233,1.648166
7.314234,1.64434
7.334234,1.646218
7.354235,1.659946
7.374233,1.660963
7.394234,1.672442
7.414234,1.677062
7.434235,1.692207
7.454233,1.704528
7.474234,1.716626
7.494234,1.733149
7.514235,1.731039
7.534233,1.751441
7.554234,1.755457
7.574234,1.764089
7.594234,1.787591
7.614233,1.780707
7.634233,1.795049
7.654234,1.795833
7.674234,1.81356
7.694233,1.791532
7.714233,1.786847
7.734234,1.790207
7.754234,1.793253
7.774235,1.79572
7.794233,1.811933
7.814234,1.819278
7.834234,1.81946
7.854235,1.833475
7.874233,1.826267
7.894234,1.817305
7.914234,1.812142
7.934235,1.789376
7.954233,1.774367
7.974234,1.765895
7.994234,1.753905
8.014235,1.758418
8.034233,1.757151
8.054234,1.769915
8.074234,1.774042
8.094234,1.807203
8.114233,1.80275
8.134233,1.810553
8.154234,1.826297
8.174234,1.818597
8.194233,1.822191
8.214233,1.833772
8.234234,1.845399
8.254234,1.848219
8.274235,1.849986
8.294233,1.864116
8.314234,1.870793
8.334234,1.872355
8.354235,1.886277
8.374233,1.89496
8.394234,1.905749
8.414234,1.914554
8.434235,1.930018
8.454233,1.928816
8.474234,1.937538
8.494234,1.952938
8.514235,1.960913
8.534233,1.967864
8.554234,1.973506
8.574234,1.974154
8.594234,1.961618
8.614233,1.959531
8.634233,1.955822
8.654234,1.963182
8.674234,1.971056
8.694233,1.976413
8.714233,1.97867
8.734234,1.97867
8.754234,1.981472
8.774233,1.981065
8.794233,1.98238
8.814234,1.98363
8.834234,1.991762
8.854235,1.992436
8.874233,1.987842
8.894234,1.996422
8.914234,1.991887
8.934235,2.003946
8.954233,2.012823
8.974234,2.017147
8.994234,2.026779
9.014235,2.02865
9.034233,2.03483
9.054234,2.045814
9.074234,2.045814
9.094234,2.052098
9.114233,2.073712
9.134233,2.06514
9.154234,2.087509
9.174234,2.093825
9.194233,2.094133
9.214233,2.084366
9.234234,2.087899
9.254234,2.068671
9.274233,2.068433
9.294233,2.072215
9.314234,2.084249
9.334234,2.10832
9.354235,2.111932
9.374233,2.128778
9.394234,2.118894
9.414234,2.138214
9.434235,2.154794
9.454233,2.16186
9.474234,2.14469
9.494234,2.140124
9.514235,2.140806
9.534233,2.141476
9.554234,2.146754
9.574234,2.145858
9.594234,2.151073
9.614233,2.156568
9.634233,2.165561
9.654234,2.157309
9.674234,2.141173
9.694233,2.132142
9.714233,2.12519
9.734234,2.110817
9.754234,2.111717
9.774233,2.102671
9.794233,2.087284
9.814234,2.088739
9.834234,2.081925
9.854235,2.092805
9.874233,2.094614
9.894234,2.097912
9.914234,2.087509
9.934235,2.077425
9.954233,2.067559
9.974234,2.079361
9.994234,2.078274
10.01423,2.087986
10.03423,2.090441
10.05423,2.115429
10.07423,2.118927
10.09423,2.126326
10.11423,2.131152
10.13423,2.152214
10.15423,2.147828
10.17423,2.168999
10.19423,2.158854
10.21423,2.183085
10.23423,2.176658
10.25423,2.182532
10.27423,2.19394
10.29423,2.203253
10.31423,2.193052
10.33423,2.203385
10.35423,2.212867
10.37423,2.237703
10.39423,2.237703
10.41423,2.228584
10.43423,2.21448
10.45423,2.208096
10.47423,2.208096
10.49423,2.200989
10.51423,2.192257
10.53423,2.16756
10.55423,2.178868
10.57423,2.177734
10.59423,2.168311
10.61423,2.177305
10.63423,2.144054
10.65423,2.14887
10.67423,2.108088
10.69423,2.054121
10.71423,2.057795
10.73423,2.002181
10.75423,1.994533
10.77423,2.008762
10.79423,1.998631
10.81423,2.019836
10.83423,2.008333
10.85423,2.005126
10.87423,2.009384
10.89423,2.001757
10.91423,2.005633
10.93423,1.996223
10.95423,2.002648
10.97423,1.99683
10.99423,1.999972
11.01423,1.983603
11.03423,1.989867
11.05423,1.988408
11.07423,1.993793
11.09423,2.001179
11.11423,1.990187
11.13423,2.002101
11.15423,2.021184
11.17423,2.024787
11.19423,2.053838
11.21423,2.036643
11.23423,2.058658
11.25423,2.044279
11.27423,2.038411
11.29423,2.036578
11.31423,2.04065
11.33423,2.022776
11.35423,1.990541
11.37423,1.969841
11.39423,1.946828
11.41423,1.944793
11.43423,1.902062
11.45423,1.891494
11.47423,1.889951
11.49423,1.846091
11.51423,1.857043
11.53423,1.832722
11.55423,1.814116
11.57423,1.821211
11.59423,1.806629
11.61423,1.788711
11.63423,1.789246
11.65423,1.792424
11.67423,1.784008
11.69423,1.798559
11.71423,1.811828
11.73423,1.7948
11.75423,1.806721
11.77423,1.810889
11.79423,1.803525
11.81423,1.785738
11.83423,1.785696
11.85423,1.784327
11.87423,1.767657
11.89423,1.785405
11.91423,1.759655
11.93423,1.760715
11.95423,1.755265
11.97423,1.75789
11.99423,1.743472
12.01423,1.752009
12.03423,1.760627
12.05423,1.764827
12.07423,1.767644
12.09423,1.789193
12.11423,1.783374
12.13423,1.793749
12.15423,1.801419
12.17423,1.802542
12.19423,1.786726
12.21423,1.783932
12.23423,1.787898
12.25423,1.785249
12.27423,1.796953
12.29423,1.805113
12.31423,1.824043
12.33423,1.834559
12.35423,1.841501
12.37423,1.844694
12.39423,1.839664
12.41423,1.848356
12.43423,1.852082
12.45423,1.842456
12.47423,1.843691
12.49423,1.847046
12.51423,1.867567
12.53423,1.881261
12.55423,1.869524
12.57423,1.900706
12.59423,1.904247
12.61423,1.898539
12.63423,1.885528
12.65423,1.889757
12.67423,1.886386
12.69423,1.867876
12.71423,1.873018
12.73423,1.872709
12.75423,1.876664
12.77423,1.880675
12.79423,1.87912
12.81423,1.873423
12.83423,1.876672
12.85423,1.866903
12.87423,1.870377
12.89423,1.869529
12.91423,1.877328
12.93423,1.868298
12.95423,1.869603
12.97423,1.882998
12.99423,1.900603
13.01423,1.905247
13.03423,1.902399
13.05423,1.897626
13.07423,1.879972
13.09423,1.873356
13.11423,1.873378
13.13423,1.874279
13.15423,1.871961
13.17423,1.87836
13.19423,1.89452
13.21423,1.895292
13.23423,1.90027
13.25423,1.896797
13.27423,1.8871
13.29423,1.885059
13.31423,1.885688
13.33423,1.889928
13.35423,1.886548
13.37423,1.889126
13.39423,1.888767
13.41423,1.895939
13.43423,1.898041
13.45423,1.898735
13.47423,1.894104
13.49423,1.892444
13.51423,1.888091
13.53423,1.885937
13.55423,1.885794
13.57423,1.878252
13.59423,1.880397
13.61423,1.8779
13.63423,1.874414
13.65423,1.870813
13.67423,1.872886
13.69423,1.87215
13.71423,1.866445
13.73423,1.864262
13.75423,1.862351
13.77423,1.872619
13.79423,1.866269
13.81423,1.874587
13.83423,1.883753
13.85423,1.885303
13.87423,1.882012
13.89423,1.881469
13.91423,1.870309
13.93423,1.837369
13.95423,1.82379
13.97423,1.821627
13.99423,1.815181
14.01423,1.81231
14.03423,1.810668
14.05423,1.818145
14.07423,1.82963
14.09423,1.832196
14.11423,1.817711
14.13423,1.798922
14.15423,1.803805
14.17423,1.786288
14.19423,1.780443
14.21423,1.774923
14.23423,1.781965
14.25423,1.800507
14.27423,1.800507
14.29423,1.812215
14.31423,1.836532
14.33423,1.837491
14.35423,1.840433
14.37423,1.850286
14.39423,1.852244
14.41423,1.860054
14.43423,1.87781
14.45423,1.884305
14.47423,1.889226
14.49423,1.903256
14.51423,1.899016
14.53423,1.902046
14.55423,1.910968
14.57423,1.910111
14.59423,1.915896
14.61423,1.918079
14.63423,1.915517
14.65423,1.926131
14.67423,1.92308
14.69423,1.923977
14.71423,1.916155
14.73423,1.901636
14.75423,1.895635
14.77423,1.894297
14.79423,1.881965
14.81423,1.862144
14.83423,1.864034
14.85423,1.851182
14.87423,1.852981
14.89423,1.857774
14.91423,1.854802
14.93423,1.863558
14.95423,1.867198
14.97423,1.868891
14.99423,1.857567
15.01423,1.866435
15.03423,1.869718
15.05423,1.862755
15.07423,1.870291
15.09423,1.890731
15.11423,1.883591
15.13423,1.87989
15.15423,1.874766
15.17423,1.906915
15.19423,1.879486
15.21423,1.871097
15.23423,1.865494
15.25423,1.869263
15.27423,1.863573
15.29423,1.861322
15.31423,1.86264
15.33423,1.864627
15.35423,1.869432
15.37423,1.867408
15.39423,1.878487
15.41423,1.868964
15.43423,1.869694
15.45423,1.868465
15.47423,1.866638
15.49423,1.882308
15.51423,1.883657
15.53423,1.886482
15.55423,1.89651
15.57423,1.887135
15.59423,1.894613
15.61423,1.90062
15.63423,1.897285
15.65423,1.880591
15.67423,1.861076
15.69423,1.87275
15.71423,1.877398
15.73423,1.878975
15.75423,1.89275
15.77423,1.896834
15.79423,1.900326
15.81423,1.889118
15.83423,1.886678
15.85423,1.88195
15.87423,1.888869
15.89423,1.90163
15.91423,1.903475
15.93423,1.912433
15.95423,1.903324
15.97423,1.897799
15.99423,1.909255
16.01423,1.911915
16.03423,1.92427
16.05423,1.9254
16.07423,1.924847
16.09423,1.930727
16.11423,1.932996
16.13423,1.941903
16.15423,1.945
16.17423,1.936796
16.19423,1.946008
16.21423,1.941524
16.23423,1.94148
16.25423,1.935595
16.27423,1.935593
16.29423,1.908278
16.31423,1.915949
16.33423,1.908529
16.35423,1.908526
16.37423,1.888916
16.39423,1.90672
16.41423,1.897154
16.43423,1.895238
16.45423,1.888088
16.47423,1.888394
16.49423,1.873761
16.51423,1.855607
16.53423,1.770494
16.55423,1.777397
16.57423,1.740696
16.59423,1.69708
16.61423,1.679834
16.63423,1.678792
16.65423,1.678072
16.67423,1.672615
16.69423,1.677221
16.71423,1.671602
16.73423,1.674186
16.75423,1.661113
16.77423,1.648518
16.79423,1.648874
16.81423,1.660607
16.83423,1.679038
16.85423,1.677107
16.87423,1.677806
16.89423,1.687769
16.91423,1.698567
16.93423,1.700678
16.95423,1.703124
16.97423,1.701768
16.99423,1.702589
17.01423,1.711273
17.03423,1.714661
17.05423,1.710682
17.07423,1.710682
17.09423,1.71363
17.11423,1.720635
17.13423,1.727363
17.15423,1.723986
17.17423,1.719427
17.19423,1.71731
17.21423,1.710738
17.23423,1.715437
17.25423,1.708961
17.27423,1.698736
17.29423,1.698735
17.31423,1.709481
17.33423,1.705094
17.35423,1.699879
17.37423,1.698042
17.39423,1.693209
17.41423,1.68546
17.43423,1.669178
17.45423,1.657548
17.47423,1.651441
17.49423,1.60165
17.51423,1.582831
17.53423,1.58225
17.55423,1.569235
17.57423,1.568396
17.59423,1.567114
17.61423,1.568865
17.63423,1.57341
17.65423,1.569771
17.67423,1.573485
17.69423,1.569836
17.71423,1.569912
17.73423,1.575609
17.75423,1.572937
17.77423,1.574956
17.79423,1.579032
17.81423,1.587028
17.83423,1.583797
17.85423,1.584456
17.87423,1.590246
17.89423,1.589912
17.91423,1.594053
17.93423,1.595141
17.95423,1.589476
17.97423,1.587886
17.99423,1.588354
18.01423,1.591496
18.03423,1.605441
18.05423,1.606868
18.07423,1.618536
18.09423,1.634204
18.11423,1.63576
18.13423,1.639343
18.15423,1.65301
18.17423,1.65301
18.19423,1.655619
18.21423,1.660452
18.23423,1.670329
18.25423,1.676648
18.27423,1.683246
18.29423,1.678942
18.31423,1.673587
18.33423,1.671966
18.35423,1.672107
18.37423,1.673263
18.39423,1.675809
18.41423,1.67004
18.43423,1.662754
18.45423,1.666873
18.47423,1.669598
18.49423,1.666362
18.51423,1.671243
18.53423,1.676153
18.55423,1.689582
18.57423,1.68418
18.59423,1.694568
18.61423,1.685324
18.63423,1.701404
18.65423,1.707949
18.67423,1.723294
18.69423,1.726094
18.71423,1.72272
18.73423,1.719685
18.75423,1.733868
18.77423,1.73394
18.79423,1.734147
18.81423,1.736039
18.83423,1.717486
18.85423,1.719397
18.87423,1.702231
18.89423,1.702312
18.91423,1.696118
18.93423,1.692571
18.95423,1.694077
18.97423,1.693053
18.99423,1.689171
19.01423,1.685297
19.03423,1.683622
19.05423,1.6839
19.07423,1.685012
19.09423,1.680674
19.11423,1.691527
19.13423,1.688559
19.15423,1.687312
19.17423,1.691391
19.19423,1.711212
19.21423,1.705774
19.23423,1.710166
19.25423,1.708815
19.27423,1.70219
19.29423,1.707896
19.31423,1.696197
19.33423,1.68727
19.35423,1.683841
19.37423,1.670435
19.39423,1.648265
19.41423,1.651203
19.43423,1.639512
19.45423,1.639243
19.47423,1.644484
19.49423,1.641469
19.51423,1.649852
19.53423,1.666699
19.55423,1.663145
19.57423,1.653677
19.59423,1.665529
19.61423,1.672088
19.63423,1.683167
19.65423,1.691406
19.67423,1.688672
19.69423,1.686306
19.71423,1.699338
19.73423,1.711361
19.75423,1.718583
19.77423,1.726158
19.79423,1.729079
19.81423,1.734832
19.83423,1.727712
19.85423,1.72319
19.87423,1.716949
19.89423,1.727689
19.91423,1.715225
19.93423,1.711287
19.95423,1.705969
19.97423,1.699308
19.99423,1.666155
20.01423,1.66403
20.03423,1.640452
20.05423,1.632623
20.07423,1.642489
20.09423,1.670156
20.11423,1.691779
20.13423,1.721132
20.15423,1.740032
20.17423,1.740963
20.19423,1.746459
20.21423,1.744446
20.23423,1.709088
20.25423,1.70191
20.27423,1.675458
20.29423,1.668345
20.31423,1.676361
20.33423,1.666826
20.35423,1.641331
20.37423,1.613792
20.39423,1.578639
20.41423,1.552387
20.43423,1.521809
20.45423,1.52402
20.47423,1.489248
20.49423,1.479133
20.51423,1.44283
20.53423,1.431745
20.55423,1.34819
20.57423,1.362899
20.59423,1.310321
20.61423,1.27513
20.63423,1.247938
20.65423,1.227761
20.67423,1.189674
20.69423,1.175992
20.71423,1.163535
20.73423,1.15028
20.75423,1.120086
20.77423,1.104866
20.79423,1.090066
20.81423,1.092905
20.83423,1.090478
20.85423,1.088341
20.87423,1.090784
20.89423,1.083173
20.91423,1.071315
20.93423,1.051258
20.95423,1.0217
20.97423,1.015539
20.99423,0.99259
21.01423,0.9750489
21.03423,0.9709982
21.05423,0.9650598
21.07423,0.9444988
21.09423,0.9326909
21.11423,0.9280445
21.13423,0.9208106
21.15423,0.9214025
21.17423,0.9265857
21.19423,0.9350049
21.21423,0.9600382
21.23423,1.008883
21.25423,1.000919
21.27423,1.022254
21.29423,1.039845
21.31423,1.078216
21.33423,1.118095
21.35423,1.121446
21.37423,1.135461
21.39423,1.162893
21.41423,1.189587
21.43423,1.211959
21.45423,1.22607
21.47423,1.227188
21.49423,1.255579
21.51423,1.267105
21.53423,1.264696
21.55423,1.279641
21.57423,1.278958
21.59423,1.300507
21.61423,1.299696
21.63423,1.312386
21.65423,1.317514
21.67423,1.325413
21.69423,1.337646
21.71423,1.353187
21.73423,1.360361
21.75423,1.359433
21.77423,1.37204
21.79423,1.382132
21.81423,1.397311
21.83423,1.419235
21.85423,1.425369
21.87424,1.435322
21.89423,1.437342
21.91423,1.439514
21.93423,1.436835
21.95423,1.449603
21.97423,1.446035
21.99423,1.459138
22.01423,1.458794
22.03424,1.455485
22.05423,1.457594
22.07423,1.455913
22.09423,1.452432
22.11423,1.425438
22.13423,1.416296
22.15423,1.395432
22.17423,1.387028
22.19423,1.351206
22.21424,1.352781
22.23423,1.33431
22.25423,1.338739
22.27423,1.322322
22.29423,1.306815
22.31423,1.290815
22.33423,1.28722
22.35423,1.28393
22.37424,1.283336
22.39423,1.276425
22.41423,1.258652
22.43423,1.267688
22.45423,1.24261
22.47423,1.250224
22.49423,1.230955
22.51423,1.222551
22.53424,1.214198
22.55423,1.179395
22.57423,1.195251
22.59423,1.177301
22.61423,1.16805
22.63423,1.150005
22.65423,1.138315
22.67423,1.145267
22.69423,1.141368
22.71424,1.135226
22.73423,1.141179
22.75423,1.14219
22.77423,1.157277
22.79423,1.207161
22.81423,1.218938
22.83423,1.255273
22.85423,1.287073
22.87424,1.289298
22.89423,1.315635
22.91423,1.345419
22.93423,1.348315
22.95423,1.386143
22.97423,1.385289
22.99423,1.395585
23.01423,1.397417
23.03424,1.431878
23.05423,1.413611
23.07423,1.434888
23.09423,1.440505
23.11423,1.474016
23.13423,1.494696
23.15423,1.513174
23.17423,1.506783
23.19423,1.513358
23.21424,1.522517
23.23423,1.547317
23.25423,1.571713
23.27423,1.557063
23.29423,1.572326
23.31423,1.570735
23.33423,1.567509
23.35423,1.562183
23.37424,1.561883
23.39423,1.561883
23.41423,1.549968
23.43423,1.542223
23.45423,1.492303
23.47423,1.499174
23.49423,1.459361
23.51423,1.457443
23.53424,1.443213
23.55423,1.441378
23.57423,1.424854
23.59423,1.404882
23.61423,1.3786
23.63423,1.379557
23.65423,1.356097
23.67423,1.355331
23.69423,1.358875
23.71424,1.359987
23.73423,1.370249
23.75423,1.377476
23.77423,1.381303
23.79423,1.391093
23.81423,1.400258
23.83423,1.408507
23.85423,1.410268
23.87424,1.388564
23.89423,1.373699
23.91423,1.368997
23.93423,1.36362
23.95423,1.361576
23.97423,1.359314
23.99423,1.363598
24.01423,1.380137
24.03424,1.380595
24.05423,1.381842
24.07423,1.389084
24.09423,1.382395
24.11423,1.37794
24.13423,1.39093
24.15423,1.402555
24.17423,1.416471
24.19423,1.427731
24.21424,1.446913
24.23423,1.45512
24.25423,1.483245
24.27423,1.475367
24.29423,1.48119
24.31423,1.499905
24.33423,1.50062
24.35423,1.508117
24.37424,1.507884
24.39423,1.51314
24.41423,1.531682
24.43423,1.529844
24.45423,1.534607
24.47423,1.545202
24.49423,1.545669
24.51423,1.54897
24.53424,1.539541
24.55423,1.547538
24.57423,1.544103
24.59423,1.539405
24.61423,1.52004
24.63423,1.521194
24.65423,1.517819
24.67423,1.51524
24.69423,1.505647
24.71424,1.52137
24.73423,1.516138
24.75423,1.520215
24.77423,1.502312
24.79423,1.500399
24.81423,1.456586
24.83423,1.45351
24.85423,1.454044
24.87424,1.451968
24.89423,1.450245
24.91423,1.452706
24.93423,1.455816
24.95423,1.464527
24.97423,1.461627
24.99423,1.455743
25.01423,1.42917
25.03424,1.42917
25.05423,1.411237
25.07423,1.40401
25.09423,1.398503
25.11423,1.38758
25.13423,1.378532
25.15423,1.363963
25.17423,1.359929
25.19423,1.362053
25.21424,1.353341
25.23423,1.347106
25.25423,1.357468
25.27423,1.351294
25.29423,1.357018
25.31423,1.358651
25.33423,1.373912
25.35423,1.381656
25.37424,1.387383
25.39423,1.402693
25.41423,1.412249
25.43423,1.413774
25.45423,1.421247
25.47423,1.422507
25.49423,1.42901
25.51423,1.42695
25.53424,1.435398
25.55423,1.439718
25.57423,1.438732
25.59423,1.444665
25.61423,1.446154
25.63423,1.444915
25.65423,1.443354
25.67423,1.440341
25.69423,1.431395
25.71424,1.418687
25.73423,1.408466
25.75423,1.409164
25.77423,1.418729
25.79423,1.426298
25.81423,1.427022
25.83423,1.426157
25.85423,1.418724
25.87424,1.412458
25.89423,1.412982
25.91423,1.402557
25.93423,1.397998
25.95423,1.397497
25.97423,1.377032
25.99423,1.360992
26.01423,1.345551
26.03424,1.348382
26.05423,1.343296
26.07423,1.339494
26.09423,1.336277
26.11423,1.32447
26.13423,1.312794
26.15423,1.306459
26.17423,1.293987
26.19423,1.284046
26.21424,1.284076
26.23423,1.284076
26.25423,1.286419
26.27423,1.289047
26.29423,1.283332
26.31423,1.279171
26.33423,1.271557
26.35423,1.270699
26.37424,1.283165
26.39423,1.280299
26.41423,1.271648
26.43423,1.278634
26.45423,1.285346
26.47423,1.284416
26.49423,1.286407
26.51423,1.301614
26.53424,1.296181
26.55423,1.307948
26.57423,1.313554
26.59423,1.305837
26.61423,1.289213
26.63423,1.286629
26.65423,1.2823
26.67423,1.280354
26.69423,1.272824
26.71424,1.272982
26.73423,1.278306
26.75423,1.282989
26.77423,1.290943
26.79423,1.297482
26.81423,1.302516
26.83423,1.302405
26.85423,1.300544
26.87424,1.299218
26.89423,1.290672
26.91423,1.280802
26.93423,1.28167
26.95423,1.283018
26.97423,1.280888
26.99423,1.289502
27.01423,1.28001
27.03424,1.27641
27.05423,1.258308
27.07423,1.256106
27.09423,1.251843
27.11423,1.251736
27.13423,1.243062
27.15423,1.243325
27.17423,1.234098
27.19423,1.231079
27.21424,1.231091
27.23423,1.237029
27.25423,1.234608
27.27423,1.23594
27.29423,1.230415
27.31423,1.234677
27.33423,1.23346
27.35423,1.239626
27.37424,1.238827
27.39423,1.238828
27.41423,1.234293
27.43423,1.234478
27.45423,1.235215
27.47423,1.240446
27.49423,1.243308
27.51423,1.238163
27.53424,1.22441
27.55423,1.213898
27.57423,1.20214
27.59423,1.20267
27.61423,1.215925
27.63423,1.219646
27.65423,1.231829
27.67423,1.230963
27.69423,1.231286
27.71423,1.226015
27.73423,1.233778
27.75423,1.238061
27.77423,1.24793
27.79423,1.253995
27.81423,1.265275
27.83423,1.259768
27.85423,1.267824
27.87424,1.267424
27.89423,1.281582
27.91423,1.298284
27.93423,1.303421
27.95423,1.310959
27.97423,1.309378
27.99423,1.308043
28.01423,1.317447
28.03424,1.326987
28.05423,1.335941
28.07423,1.344056
28.09423,1.354384
28.11423,1.34085
28.13423,1.339625
28.15423,1.345845
28.17423,1.337139
28.19423,1.337818
28.21423,1.339216
28.23423,1.340368
28.25423,1.332133
28.27423,1.340898
28.29423,1.330893
28.31423,1.327823
28.33423,1.317419
28.35423,1.312084
28.37424,1.309583
28.39423,1.30058
28.41423,1.287217
28.43423,1.284419
28.45423,1.273984
28.47423,1.25935
28.49423,1.246427
28.51423,1.237827
28.53424,1.221308
28.55423,1.223966
28.57423,1.221369
28.59423,1.20315
28.61423,1.212826
28.63423,1.199649
28.65423,1.189937
28.67423,1.187126
28.69423,1.194101
28.71423,1.180535
28.73423,1.183517
28.75423,1.15433
28.77423,1.173665
28.79423,1.166848
28.81423,1.17244
28.83423,1.170578
28.85423,1.174459
28.87424,1.175504
28.89423,1.173301
28.91423,1.158187
28.93423,1.168965
28.95423,1.164331
28.97423,1.175271
28.99423,1.169178
29.01423,1.172878
29.03424,1.192695
29.05423,1.187448
29.07423,1.191832
29.09423,1.193691
29.11423,1.199346
29.13423,1.198883
29.15423,1.202102
29.17423,1.200388
29.19423,1.208243
29.21423,1.208575
29.23423,1.216118
29.25423,1.215483
29.27423,1.218397
29.29423,1.209378
29.31423,1.206557
29.33423,1.20473
29.35423,1.208799
29.37424,1.188761
29.39423,1.179578
29.41423,1.160272
29.43423,1.154091
29.45423,1.147289
29.47423,1.143143
29.49423,1.140484
29.51423,1.129687
29.53424,1.129932
29.55423,1.138637
29.57423,1.133621
29.59423,1.128322
29.61423,1.132852
29.63423,1.135164
29.65423,1.125175
29.67423,1.127988
29.69423,1.119464
29.71423,1.130529
29.73423,1.12083
29.75423,1.122826
29.77423,1.136186
29.79423,1.119068
29.81423,1.116844
29.83423,1.116214
29.85423,1.10728
29.87424,1.099048
29.89423,1.112568
29.91423,1.11883
29.93423,1.120877
29.95423,1.119834
29.97423,1.121077
29.99423,1.12688
30.01423,1.127852
30.03424,1.133413
30.05423,1.154098
30.07423,1.146144
30.09423,1.153331
30.11423,1.148296
30.13423,1.157339
30.15423,1.155732
30.17423,1.151621
30.19423,1.157066
30.21423,1.162186
30.23423,1.156006
30.25423,1.161538
30.27423,1.169302
30.29423,1.148202
30.31423,1.131129
30.33423,1.118536
30.35423,1.116394
30.37424,1.109953
30.39423,1.118142
30.41423,1.119293
30.43423,1.120864
30.45423,1.123345
30.47423,1.122849
30.49423,1.120944
30.51423,1.133306
30.53424,1.116095
30.55423,1.117982
30.57423,1.119072
30.59423,1.116968
30.61423,1.110804
30.63423,1.108433
30.65423,1.101317
30.67423,1.094616
30.69423,1.081235
30.71423,1.075268
30.73423,1.065683
30.75423,1.064688
30.77423,1.053424
30.79423,1.048777
30.81423,1.040695
30.83423,1.026233
30.85423,1.031141
30.87424,1.019983
30.89423,1.0194
30.91423,1.014889
30.93423,0.9988353
30.95423,0.9997076
30.97423,0.989772
30.99423,0.985916
31.01423,0.9750044
31.03424,0.9750031
31.05423,0.9734935
31.07423,0.970313
31.09423,0.9664842
31.11423,0.9633618
31.13423,0.9593898
31.15423,0.9548881
31.17423,0.9379305
31.19423,0.9288929
31.21423,0.9213706
31.23423,0.9070926
31.25423,0.9002267
31.27423,0.8985813
31.29423,0.9072431
31.31423,0.9117187
31.33423,0.9215796
31.35423,0.9306505
31.37424,0.9361295
31.39423,0.9394078
31.41423,0.9458393
31.43423,0.9479391
31.45423,0.9671862
31.47423,0.9786309
31.49423,0.9785008
31.51423,0.9841713
31.53424,0.9799073
31.55423,0.9941874
31.57423,1.00159
31.59423,1.035373
31.61423,1.087978
31.63423,1.11981
31.65423,1.174716
31.67423,1.134311
31.69423,1.136508
31.71423,1.148159
31.73423,1.15412
31.75423,1.145763
31.77423,1.160528
31.79423,1.175953
31.81423,1.15824
31.83423,1.170833
31.85423,1.167952
31.87424,1.161423
31.89423,1.170805
31.91423,1.163277
31.93423,1.157315
31.95423,1.153824
31.97423,1.143517
31.99423,1.136044
32.01424,1.121552
32.03423,1.11707
32.05423,1.120864
32.07423,1.11083
32.09423,1.096954
32.11423,1.079193
32.13423,1.034784
32.15424,1.003566
32.17423,0.9572113
32.19424,0.9572112
32.21423,0.9361789
32.23423,0.891943
32.25423,0.8517425
32.27423,0.8257834
32.29424,0.7954536
32.31423,0.7788752
32.33424,0.7602197
32.35423,0.7589577
32.37424,0.723905
32.39423,0.7249318
32.41423,0.6724959
32.43423,0.6502291
32.45423,0.6007007
32.47424,0.6033556
32.49423,0.6000445
32.51424,0.6205264
32.53423,0.6172128
32.55423,0.6427836
32.57423,0.6418124
32.59423,0.6464546
32.61423,0.6508026
32.63423,0.6392974
32.65424,0.6081851
32.67423,0.6190979
32.69424,0.5783503
32.71423,0.5696427
32.73423,0.5317916
32.75423,0.5640693
32.77423,0.5545459
32.79424,0.5695064
32.81423,0.5588868
32.83424,0.5406945
32.85423,0.5335554
32.87424,0.5363106
32.89423,0.5330296
32.91423,0.5175765
32.93423,0.5254945
32.95423,0.5111943
32.97424,0.5137703
32.99423,0.5124165
33.01424,0.491417
33.03423,0.4607124
33.05423,0.412815
33.07423,0.3666719
33.09423,0.3495435
33.11423,0.3481503
33.13423,0.3327592
33.15424,0.3511539
33.17423,0.3279366
33.19424,0.329667
33.21423,0.3131984
33.23423,0.300788
33.25423,0.2898337
33.27423,0.277016
33.29424,0.2835245
33.31423,0.2915477
33.33424,0.2846715
33.35423,0.2772221
33.37424,0.2837404
33.39423,0.2954828
33.41423,0.2826964
33.43423,0.2769178
33.45423,0.2858282
33.47424,0.2762782
33.49423,0.2647083
33.51424,0.2689255
33.53423,0.2628266
33.55423,0.2626715
33.57423,0.2772438
33.59423,0.2735046
33.61423,0.2692726
33.63423,0.275677
33.65424,0.2553169
33.67423,0.2504685
33.69424,0.2367232
33.71423,0.240067
33.73423,0.2231615
33.75423,0.2262644
33.77423,0.2232227
33.79424,0.2242229
33.81423,0.2151426
33.83424,0.2032606
33.85423,0.1897295
33.87424,0.1834604
33.89423,0.1585087
33.91423,0.1622249
33.93423,0.141379
33.95423,0.1298179
33.97424,0.1021285
33.99423,0.09622868
34.01424,0.09222049
34.03423,0.09667596
34.05423,0.1002205
34.07423,0.09349363
34.09423,0.09525147
34.11423,0.09850256
34.13423,0.09626057
34.15424,0.09231658
34.17423,0.09892613
34.19424,0.1033952
34.21423,0.1217786
34.23423,0.1315386
34.25423,0.1470625
34.27423,0.1448358
34.29424,0.1712217
34.31423,0.1836564
34.33424,0.2036209
34.35423,0.2167254
34.37423,0.2345909
34.39423,0.2494264
34.41423,0.2733037
34.43423,0.2783036
34.45423,0.2849565
34.47424,0.2895945
34.49423,0.3081761
34.51424,0.3223405
34.53423,0.3394159
34.55423,0.3519043
34.57423,0.3604699
34.59423,0.3633712
34.61423,0.3576454
34.63423,0.3492893
34.65424,0.3386647
34.67423,0.3458464
34.69424,0.3563226
34.71423,0.3532376
34.73423,0.3714194
34.75423,0.366897
34.77423,0.3660781
34.79424,0.3641197
34.81423,0.3774464
34.83424,0.3610461
34.85423,0.3435828
34.87423,0.3415262
34.89423,0.338877
34.91423,0.3337854
34.93423,0.3318866
34.95423,0.3251095
34.97424,0.319872
34.99423,0.3212408
35.01424,0.3168523
35.03423,0.3166303
35.05423,0.2939166
35.07423,0.2957056
35.09423,0.3013421
35.11423,0.2942544
35.13423,0.2778065
35.15424,0.2638406
35.17423,0.249084
35.19424,0.2411774
35.21423,0.2373984
35.23423,0.2326657
35.25423,0.2223012
35.27423,0.2222594
35.29424,0.2053179
35.31423,0.2072609
35.33424,0.2039751
35.35423,0.2062387
35.37423,0.2094016
35.39423,0.2139196
35.41423,0.2201975
35.43423,0.2288085
35.45423,0.2343119
35.47424,0.2391001
35.49423,0.2433677
35.51424,0.2464513
35.53423,0.2470238
35.55423,0.2437933
35.57423,0.2448054
35.59423,0.2507958
35.61423,0.2502023
35.63423,0.2508593
35.65424,0.2748311
35.67423,0.2776671
35.69424,0.2832693
35.71423,0.2704497
35.73423,0.2327378
35.75423,0.2075104
35.77423,0.1601207
35.79424,0.1521381
35.81423,0.1429766
35.83424,0.142977
35.85423,0.1660011
35.87423,0.199496
35.89423,0.2232359
35.91423,0.2326606
35.93423,0.252357
35.95423,0.2554371
35.97424,0.2503261
35.99423,0.2440979
36.01424,0.2116754
36.03423,0.2048373
36.05423,0.1810829
36.07423,0.1831198
36.09423,0.1821533
36.11423,0.1734751
36.13423,0.1675426
36.15424,0.1661807
36.17423,0.1525705
36.19424,0.1511073
36.21423,0.1869052
36.23423,0.1719564
36.25423,0.1074103
36.27423,0.1437517
36.29424,0.1022809
36.31423,0.06596134
36.33424,0.01499628
36.35423,0.01852417
36.37423,0.02655029
36.39423,0.05685425
36.41423,0.08636475
36.43423,0.08132935
36.45423,0.1244812
36.47424,0.1367493
36.49423,0.1456604
36.51424,0.1629944
36.53423,0.1789856
36.55423,0.1789856
36.57423,0.1708984
36.59423,0.1629333
36.61423,0.166748
36.63423,0.1783752
36.65424,0.203125
36.67423,0.2157898
36.69424,0.2255859
36.71423,0.2358398
36.73423,0.2434082
36.75423,0.2406006
36.77423,0.2420349
36.79424,0.2395935
36.81423,0.2421875
36.83424,0.2543945
36.85423,0.2417603
36.87423,0.2292786
36.89423,0.221283
36.91423,0.2209778
36.93423,0.2027588
36.95423,0.2106018
36.97424,0.1849365
36.99423,0.1832275
37.01424,0.1648865
37.03423,0.1615295
37.05423,0.1586609
37.07423,0.1641541
37.09423,0.1793518
37.11423,0.1889038
37.13423,0.2124939
37.15424,0.2286987
37.17423,0.2410583
37.19424,0.2442017
37.21423,0.250946
37.23423,0.2608643
37.25423,0.2700195
37.27423,0.2813416
37.29424,0.2784119
37.31423,0.2920837
37.33424,0.2585449
37.35423,0.2777405
37.37423,0.2936401
37.39423,0.3034973
37.41423,0.3057556
37.43423,0.3160095
37.45423,0.3305969
37.47424,0.3287048
37.49423,0.3405457
37.51424,0.3423462
37.53423,0.3539734
37.55423,0.3686218
37.57423,0.3945923
37.59423,0.4113159
37.61423,0.4497375
37.63423,0.4642334
37.65424,0.4758911
37.67423,0.4815369
37.69424,0.4995422
37.71423,0.505188
37.73423,0.5168457
37.75423,0.5140076
37.77423,0.5177307
37.79424,0.5081787
37.81423,0.5021057
37.83424,0.4950867
37.85423,0.4778748
37.87423,0.4751587
37.89423,0.4498596
37.91423,0.4012756
37.93423,0.3682556
37.95423,0.3268127
37.97424,0.2633362
37.99423,0.2512512
38.01424,0.2119446
38.03423,0.1493835
38.05423,0.06835938
38.07423,0.05847168
38.09423,0.02212566
38.11423,0.07505345
38.13423,0.1095437
38.15424,0.1879595
38.17423,0.2539713
38.19424,0.3105974
38.21423,0.3367293
38.23423,0.3367293
38.25423,0.4535506
38.27423,0.4850903
38.29424,0.5760269
38.31423,0.6494904
38.33424,0.7236066
38.35423,0.7505351
38.37423,0.8538932
38.39423,0.8507069
38.41423,0.9414704
38.43423,1.013053
38.45423,1.113788
38.47424,1.180544
38.49423,1.303453
38.51424,1.353894
38.53423,1.421706
38.55423,1.440341
38.57423,1.441064
38.59423,1.484395
38.61423,1.469002
38.63423,1.488872
38.65424,1.459328
38.67423,1.45638
38.69424,1.411046
38.71423,1.39945
38.73423,1.382583
38.75423,1.367133
38.77423,1.367247
38.79424,1.364035
38.81423,1.343679
38.83424,1.343163
38.85423,1.329989
38.87423,1.30833
38.89423,1.295258
38.91423,1.272325
38.93423,1.241014
38.95423,1.207718
38.97424,1.199613
38.99423,1.182334
39.01424,1.182896
39.03423,1.166829
39.05423,1.155237
39.07423,1.162394
39.09423,1.153947
39.11423,1.14243
39.13423,1.137369
39.15424,1.134008
39.17423,1.127967
39.19424,1.125977
39.21423,1.114574
39.23423,1.117737
39.25423,1.119236
39.27423,1.114419
39.29424,1.11011
39.31423,1.093094
39.33424,1.092476
39.35423,1.08876
39.37423,1.074891
39.39423,1.069169
39.41423,1.054271
39.43423,1.040501
39.45423,1.031508
39.47424,1.029611
39.49423,1.036773
39.51424,1.035086
39.53423,1.047749
39.55423,1.059848
39.57423,1.059433
39.59423,1.072627
39.61423,1.070209
39.63423,1.07216
39.65424,1.090261
39.67423,1.092292
39.69424,1.086326
39.71423,1.093714
39.73423,1.102483
39.75423,1.108511
39.77423,1.103809
39.79424,1.104075
39.81423,1.094109
39.83424,1.091983
39.85423,1.079691
39.87423,1.058878
39.89423,1.057579
39.91423,1.052163
39.93423,1.038803
39.95423,1.041488
39.97424,1.047002
39.99423,1.038564
40.01424,1.033218
40.03423,1.033954
40.05423,1.022397
40.07423,1.023505
40.09423,1.039096
40.11423,1.03721
40.13423,1.032414
40.15424,1.032065
40.17423,1.023043
40.19424,1.011839
40.21423,1.006705
40.23423,0.9876631
40.25423,0.9543107
40.27423,0.9550542
40.29424,0.9311737
40.31423,0.9130898
40.33424,0.8516265
40.35423,0.8445992
40.37423,0.8068604
40.39423,0.8001193
40.41423,0.7726261
40.43423,0.7608462
40.45423,0.7604041
40.47424,0.7626767
40.49423,0.766969
40.51424,0.7555188
40.53423,0.7554422
40.55423,0.7645496
40.57423,0.7649854
40.59423,0.7566783
40.61423,0.7472241
40.63423,0.7618899
40.65424,0.7555104
40.67423,0.7560452
40.69424,0.7542908
40.71423,0.7522623
40.73423,0.7320158
40.75423,0.7227106
40.77423,0.7031597
40.79424,0.7091486
40.81423,0.6950153
40.83424,0.6899948
40.85423,0.7016356
40.87423,0.7086694
40.89423,0.7112377
40.91423,0.7126154
40.93423,0.72185
40.95423,0.7222114
40.97424,0.7292688
40.99423,0.7367113
41.01424,0.743362
41.03423,0.734762
41.05423,0.7429367
41.07423,0.7616056
41.09423,0.7581347
41.11423,0.7558149
41.13423,0.7585181
41.15424,0.7575271
41.17423,0.77132
41.19424,0.7650736
41.21423,0.7629706
41.23423,0.7436225
41.25423,0.729123
41.27423,0.723049
41.29424,0.7146411
41.31423,0.7081292
41.33424,0.7047179
41.35423,0.6993908
41.37423,0.7052894
41.39423,0.7113582
41.41423,0.7115947
41.43423,0.7013245
41.45423,0.7035207
41.47424,0.7125933
41.49423,0.7148799
41.51424,0.7104303
41.53423,0.7064337
41.55423,0.7035564
41.57423,0.7143309
41.59423,0.7159562
41.61423,0.7223133
41.63423,0.7128416
41.65424,0.7016984
41.67423,0.6818519
41.69424,0.6805745
41.71423,0.6704122
41.73423,0.6583976
41.75423,0.6565735
41.77423,0.6557457
41.79424,0.6595969
41.81423,0.6474881
41.83424,0.6471108
41.85423,0.6377102
41.87423,0.6386621
41.89423,0.6386065
41.91423,0.6399897
41.93423,0.6448242
41.95423,0.6447285
41.97424,0.6462382
41.99423,0.6495922
42.01424,0.6630713
42.03423,0.6629546
42.05423,0.6681873
42.07423,0.6735438
42.09423,0.6638513
42.11423,0.6624941
42.13423,0.659901
42.15424,0.6517075
42.17423,0.6383517
42.19424,0.6272549
42.21423,0.6317344
42.23423,0.6259517
42.25423,0.625372
42.27423,0.6267932
42.29424,0.6270633
42.31423,0.6287046
42.33424,0.6352448
42.35423,0.6346766
42.37423,0.6378387
42.39423,0.658258
42.41423,0.6526603
42.43423,0.6533351
42.45423,0.6466885
42.47424,0.6484023
42.49423,0.6507313
42.51424,0.6513228
42.53423,0.6485083
42.55423,0.644645
42.57423,0.6333812
42.59423,0.6385156
42.61423,0.6140125
42.63423,0.6145072
42.65424,0.6067443
42.67423,0.6098667
42.69424,0.6059783
42.71423,0.6078331
42.73423,0.6044949
42.75423,0.597831
42.77423,0.5897092
42.79424,0.5808207
42.81423,0.5860452
42.83424,0.5777158
42.85423,0.5565589
42.87423,0.5691725
42.89423,0.5660141
42.91423,0.5650353
42.93423,0.5647326
42.95423,0.5618863
42.97424,0.5566803
42.99423,0.5499087
43.01424,0.547144
43.03423,0.5424693
43.05423,0.5315244
43.07423,0.523568
43.09423,0.4956656
43.11423,0.4758705
43.13423,0.4758687
43.15424,0.4665258
43.17423,0.4684333
43.19424,0.4682695
43.21423,0.4669273
43.23423,0.4581569
43.25423,0.4462667
43.27423,0.4364103
43.29424,0.4287607
43.31423,0.4289445
43.33424,0.4345789
43.35423,0.4219644
43.37423,0.423146
43.39423,0.4192569
43.41423,0.4196197
43.43423,0.4157892
43.45423,0.4118035
43.47424,0.406371
43.49423,0.4042692
43.51424,0.3991742
43.53423,0.3815636
43.55423,0.3810507
43.57423,0.3691881
43.59423,0.3697439
43.61423,0.3639183
43.63423,0.3567872
43.65424,0.3605935
43.67423,0.3521692
43.69424,0.3486154
43.71423,0.3522995
43.73423,0.3527243
43.75423,0.3611558
43.77423,0.3537653
43.79424,0.3635618
43.81423,0.3675377
43.83424,0.3729642
43.85423,0.3698044
43.87423,0.3592524
43.89423,0.3646264
43.91423,0.3682903
43.93423,0.3663134
43.95423,0.3673166
43.97424,0.3689937
43.99423,0.3577403
44.01424,0.3511192
44.03423,0.3448409
44.05423,0.3305753
44.07423,0.3150501
44.09423,0.3164535
44.11423,0.320205
44.13423,0.3177193
44.15424,0.3273172
44.17423,0.3248297
44.19424,0.3185605
44.21423,0.3222761
44.23423,0.3138913
44.25423,0.32357
44.27423,0.3258623
44.29424,0.3193234
44.31423,0.3419468
44.33424,0.3244623
44.35423,0.3416357
44.37423,0.3401949
44.39423,0.3624399
44.41423,0.3742034
44.43423,0.3818111
44.45423,0.3818101
44.47424,0.3830143
44.49423,0.3968073
44.51424,0.4026191
44.53423,0.4060729
44.55423,0.4071707
44.57423,0.4139089
44.59423,0.4188115
44.61423,0.419896
44.63423,0.4231526
44.65424,0.4356038
44.67423,0.4356047
44.69424,0.4345812
44.71423,0.4358651
44.73423,0.4431113
44.75423,0.4421158
44.77423,0.4403989
44.79424,0.4385573
44.81423,0.4379835
44.83424,0.4442063
44.85423,0.4408861
44.87423,0.4384371
44.89423,0.463164
44.91423,0.4686443
44.93423,0.4653998
44.95423,0.46529
44.97424,0.4276818
44.99423,0.4048388
45.01424,0.4274634
45.03423,0.4130072
45.05423,0.4124771
45.07423,0.3999606
45.09423,0.3904087
45.11423,0.3800357
45.13423,0.3451831
45.15424,0.2970522
45.17423,0.2395431
45.19424,0.2562544
45.21423,0.1812874
45.23423,0.1491055
45.25423,0.1189302
45.27423,0.1025139
45.29424,0.09068958
45.31423,0.07989316
45.33424,0.1066883
45.35423,0.09998091
45.37423,0.09421276
45.39423,0.09376913
45.41423,0.09530296
45.43423,0.08968624
45.45423,0.08498897
45.47424,0.07738426
45.49423,0.07664678
45.51424,0.0652346
45.53423,0.05163351
45.55423,0.06578226
45.57423,0.06229721
45.59423,0.07316415
45.61423,0.07562614
45.63423,0.0806396
45.65424,0.0984605
45.67423,0.1034493
45.69424,0.1166569
45.71423,0.1185131
45.73423,0.1229959
45.75423,0.1445628
45.77423,0.1275643
45.79424,0.1285293
45.81423,0.1285294
45.83424,0.1179867
45.85423,0.1239136
45.87423,0.1113367
45.89423,0.102218
45.91423,0.09711697
45.93423,0.08768622
45.95423,0.0646593
45.97424,0.05929187
45.99423,0.04936789
46.01424,0.0372607
46.03423,0.03506291
46.05423,0.0329532
46.07423,0.04541786
46.09423,0.04258341
46.11423,0.01882616
46.13423,0.03266333
46.15424,0.0294073
46.17423,0.02484894
46.19424,0.007900435
46.21423,0.008604903
46.23423,0.01585043
46.25423,0.003100292
46.27423,0.00559996
46.29424,0.009185791
46.31423,0.007446289
46.33424,0.01473999
46.35423,0.025177
46.37423,0.03765869
46.39423,0.04354858
46.41423,0.04766846
46.43423,0.06027222
46.45423,0.06069946
46.47424,0.06066895
46.49423,0.05328369
46.51424,0.0539856
46.53423,0.04675293
46.55423,0.04302979
46.57423,0.04043579
46.59423,0.03533936
46.61423,0.02487183
46.63423,0.02859497
46.65424,0.02185059
46.67423,0.01861572
46.69424,0.01495361
46.71423,0.01513672
46.73423,0.009155273
46.75423,0.01422119
46.77423,0.01660156
46.79424,0.02139282
46.81423,0.0234375
46.83424,0.02883911
46.85423,0.04760742
46.87423,0.06655884
46.89423,0.07852173
46.91423,0.08883667
46.93423,0.08706665
46.95423,0.08404541
46.97424,0.06964111
46.99423,0.07662964
47.01424,0.07550049
47.03423,0.08966064
47.05423,0.09338379
47.07423,0.104126
47.09423,0.1083984
47.11423,0.1081238
47.13423,0.1177673
47.15424,0.118927
47.17423,0.1220703
47.19424,0.124115
47.21423,0.1260376
47.23423,0.1312866
47.25423,0.1488647
47.27423,0.148468
47.29424,0.1526184
47.31423,0.1645813
47.33424,0.1713562
47.35423,0.1789856
47.37423,0.1799011
47.39423,0.1831665
47.41423,0.1881104
47.43423,0.1938477
47.45423,0.2098389
47.47424,0.2084351
47.49423,0.2329407
47.51424,0.2335815
47.53423,0.2478333
47.55423,0.2547913
47.57423,0.2575378
47.59423,0.2642212
47.61423,0.270813
47.63423,0.2706299
47.65424,0.2731018
47.67423,0.2762146
47.69424,0.2817383
47.71423,0.2897949
47.73423,0.2969055
47.75423,0.2973022
47.77423,0.2785034
47.79424,0.2562256
47.81423,0.2606812
47.83424,0.2213135
47.85423,0.2078247
47.87423,0.2145386
47.89423,0.1815186
47.91423,0.1983032
47.93423,0.1956482
47.95423,0.1938171
47.97424,0.1818848
47.99423,0.1812439
48.01424,0.1816101
48.03423,0.1762085
48.05423,0.1702576
48.07423,0.1749878
48.09423,0.1599121
48.11423,0.1532898
48.13423,0.1695862
48.15424,0.1713257
48.17423,0.1945496
48.19423,0.2074585
48.21423,0.2118835
48.23423,0.2172241
48.25423,0.2516785
48.27423,0.2726746
48.29424,0.2774048
48.31423,0.2869263
48.33424,0.3048401
48.35423,0.2883606
48.37423,0.3024292
48.39423,0.3025208
48.41423,0.3108521
48.43423,0.3164978
48.45423,0.3388977
48.47424,0.3618774
48.49423,0.3618774
48.51424,0.366272
48.53423,0.3833313
48.55423,0.3814087
48.57423,0.3956909
48.59423,0.4155884
48.61423,0.4276733
48.63423,0.4441833
48.65424,0.4648438
48.67423,0.4822083
48.69423,0.4803772
48.71423,0.4955139
48.73423,0.5054321
48.75423,0.5346985
48.77423,0.5427246
48.79424,0.5807495
48.81423,0.6043701
48.83424,0.6163025
48.85423,0.6221313
48.87423,0.6346741
48.89423,0.6304626
48.91423,0.6412354
48.93423,0.6377563
48.95423,0.6200256
48.97424,0.6091003
48.99423,0.6183167
49.01424,0.6186218
49.03423,0.6345825
49.05423,0.64151
49.07423,0.6717224
49.09423,0.673645
49.11423,0.6861572
49.13423,0.7115784
49.15424,0.7254944
49.17423,0.730835
49.19423,0.7388306
49.21423,0.740448
49.23423,0.7700806
49.25423,0.774292
49.27423,0.8110962
49.29424,0.8186035
49.31423,0.8407898
49.33424,0.8305359
49.35423,0.8453369
49.37423,0.852356
49.39423,0.8452148
49.41423,0.8432922
49.43423,0.849823
49.45423,0.8366089
49.47424,0.8221741
49.49423,0.8282471
49.51424,0.8178711
49.53423,0.805481
49.55423,0.791687
49.57423,0.7895813
49.59423,0.7808838
49.61423,0.7755127
49.63423,0.7618713
49.65424,0.7530212
49.67423,0.7406921
49.69423,0.7406921
49.71423,0.7441406
49.73423,0.7462769
49.75423,0.7325745
49.77423,0.6931152
49.79424,0.6689453
49.81423,0.6615906
49.83424,0.6418152
49.85423,0.6368713
49.87423,0.6279297
49.89423,0.6279297
49.91423,0.6172485
49.93423,0.6066284
49.95423,0.5907898
49.97424,0.5943909
49.99423,0.5846863
50.01424,0.5856628
50.03423,0.5635986
50.05423,0.5666809
50.07423,0.5557251
50.09423,0.5423889
50.11423,0.5409546
50.13423,0.538208
50.15424,0.5464478
50.17423,0.5413208
50.19423,0.5461121
50.21423,0.5438843
50.23423,0.5455322
50.25423,0.5418091
50.27423,0.5419617
50.29424,0.5447693
50.31423,0.5382385
50.33424,0.5354919
50.35423,0.5513611
50.37423,0.5508118
50.39423,0.54953
50.41423,0.5471497
50.43423,0.5507202
50.45423,0.5374756
50.47424,0.535614
50.49423,0.5258789
50.51424,0.5325928
50.53423,0.5209656
50.55423,0.5185242
50.57423,0.5284729
50.59423,0.5471497
50.61423,0.5441589
50.63423,0.5340576
50.65424,0.548584
50.67423,0.5430603
50.69423,0.5361328
50.71423,0.5274048
50.73423,0.5111389
50.75423,0.5135193
50.77423,0.5151672
50.79424,0.5187683
50.81423,0.5086975
50.83424,0.5061951
50.85423,0.5053711
50.87423,0.5007629
50.89423,0.4943542
50.91423,0.4920349
50.93423,0.4934998
50.95423,0.4797058
50.97424,0.4733276
50.99423,0.4634399
51.01424,0.4645691
51.03423,0.4627686
51.05423,0.4608154
51.07423,0.4481506
51.09423,0.4451294
51.11423,0.4346924
51.13423,0.4174805
51.15424,0.4070435
51.17423,0.3981018
51.19423,0.4075928
51.21423,0.4025879
51.23423,0.3917236
51.25423,0.3986511
51.27423,0.3921814
51.29424,0.3884277
51.31423,0.386261
51.33424,0.3764954
51.35423,0.3762817
51.37423,0.375824
51.39423,0.3778076
51.41423,0.3757019
51.43423,0.3725281
51.45423,0.3723755
51.47424,0.3843384
51.49423,0.3987732
51.51424,0.4031067
51.53423,0.4085693
51.55423,0.4238892
51.57423,0.4258118
51.59423,0.4526672
51.61423,0.4463501
51.63423,0.4499512
51.65424,0.471283
51.67423,0.4710083
51.69423,0.5024719
51.71423,0.4989929
51.73423,0.502533
51.75423,0.5160828
51.77423,0.5214539
51.79424,0.5339966
51.81423,0.5429077
51.83424,0.5498657
51.85423,0.5640259
51.87423,0.5760498
51.89423,0.6044312
51.91423,0.600769
51.93423,0.6003723
51.95423,0.6082764
51.97424,0.6116028
51.99423,0.6148987
52.01424,0.6125793
52.03423,0.616394
52.05423,0.6086121
52.07423,0.6104126
52.09423,0.5958252
52.11423,0.5924683
52.13423,0.5791931
52.15424,0.5663147
52.17423,0.5568237
52.19423,0.5469971
52.21423,0.5377808
52.23423,0.5123291
52.25423,0.4910583
52.27423,0.4919128
52.29424,0.4689636
52.31423,0.4505615
52.33424,0.4448853
52.35423,0.4402161
52.37423,0.4263916
52.39423,0.4109192
52.41423,0.4210815
52.43423,0.427063
52.45423,0.4273376
52.47424,0.4241028
52.49423,0.410553
52.51424,0.4064636
52.53423,0.387207
52.55423,0.3944397
52.57423,0.3926392
52.59423,0.3884583
52.61423,0.3917236
52.63423,0.3982544
52.65424,0.3982544
52.67423,0.398407
52.69423,0.4082031
52.71423,0.4165344
52.73423,0.4370422
52.75423,0.4440613
52.77423,0.4623413
52.79424,0.4580688
52.81423,0.477417
52.83424,0.4790955
52.85423,0.5080872
52.87423,0.5080872
52.89423,0.5249023
52.91423,0.539978
52.93423,0.5513306
52.95423,0.5675964
52.97424,0.5705261
52.99423,0.5843201
53.01424,0.5894165
53.03423,0.5987244
53.05423,0.6199341
53.07423,0.6087341
53.09423,0.6178284
53.11423,0.6182556
53.13423,0.6247559
53.15424,0.6274719
53.17423,0.6265564
53.19423,0.6191101
53.21423,0.6142578
53.23423,0.6108398
53.25423,0.6073608
53.27423,0.6079407
53.29424,0.6017761
53.31423,0.5993347
53.33424,0.5866394
53.35423,0.5923767
53.37423,0.5910339
53.39423,0.5969849
53.41423,0.5889587
53.43423,0.5736694
53.45423,0.5770874
53.47424,0.5758057
53.49423,0.5657959
53.51424,0.5577393
53.53423,0.555603
53.55423,0.5256348
53.57423,0.5339355
53.59423,0.5177612
53.61423,0.4966736
53.63423,0.5066833
53.65424,0.5130615
53.67423,0.5097656
53.69423,0.4970093
53.71423,0.4948425
53.73423,0.4888
53.75423,0.5003662
53.77423,0.5003662
53.79424,0.5075989
53.81423,0.513855
53.83424,0.5224609
53.85423,0.5246582
53.87424,0.5307007
53.89423,0.5279541
53.91424,0.5290222
53.93423,0.5374451
53.95423,0.5274658
53.97424,0.5232239
53.99423,0.5087585
54.01424,0.5090942
54.03423,0.493042
54.05424,0.4888
54.07423,0.4858093
54.09424,0.4743042
54.11423,0.4715271
54.13423,0.4631348
54.15424,0.4542847
54.17423,0.4485474
54.19424,0.4467163
54.21423,0.445282
54.23424,0.4317932
54.25423,0.4230652
54.27423,0.4055176
54.29424,0.4074402
54.31423,0.3960266
54.33424,0.4053955
54.35423,0.4208984
54.37424,0.4213867
54.39423,0.412323
54.41424,0.4136658
54.43423,0.4144287
54.45423,0.3996582
54.47424,0.3874207
54.49423,0.3813477
54.51424,0.3766174
54.53423,0.3723145
54.55424,0.3727417
54.57423,0.3598328
54.59424,0.3491516
54.61423,0.3617249
54.63423,0.3534546
54.65424,0.3487549
54.67423,0.3418579
54.69424,0.3254089
54.71423,0.3283386
54.73424,0.3146973
54.75423,0.3050537
54.77423,0.3139038
54.79424,0.311554
54.81423,0.3085022
54.83424,0.3077698
54.85423,0.2996521
54.87424,0.2784119
54.89423,0.2772522
54.91424,0.2631226
54.93423,0.2616272
54.95423,0.259491
54.97424,0.2602539
54.99423,0.2551575
55.01424,0.249176
55.03423,0.2496033
55.05424,0.2436218
55.07423,0.236145
55.09424,0.2267151
55.11423,0.2119141
55.13423,0.2025146
55.15424,0.1933594
55.17423,0.1921387
55.19424,0.192627
55.21423,0.2014771
55.23424,0.1923218
55.25423,0.1794434
55.27423,0.1766968
55.29424,0.1624146
55.31423,0.1621094
55.33424,0.1785583
55.35423,0.1987
55.37424,0.1922607
55.39423,0.1774292
55.41424,0.1807556
55.43423,0.1860962
55.45423,0.1820068
55.47424,0.1825867
55.49423,0.1809387
55.51424,0.1858521
55.53423,0.1811218
55.55424,0.1931152
55.57423,0.1903992
55.59424,0.1906738
55.61423,0.1827393
55.63423,0.1763306
55.65424,0.1763
55.67423,0.1813049
55.69424,0.1751709
55.71423,0.1688843
55.73424,0.1647949
55.75423,0.1691284
55.77423,0.1791992
55.79424,0.1791992
55.81423,0.1798706
55.83424,0.1828613
55.85423,0.1828308
55.87424,0.1775818
55.89423,0.184845
55.91424,0.1820374
55.93423,0.1826172
55.95423,0.1870728
55.97424,0.1999207
55.99423,0.1905518
56.01424,0.201355
56.03423,0.1921082
56.05424,0.1940613
56.07423,0.1963806
56.09424,0.1946106
56.11423,0.1928711
56.13423,0.1921997
56.15424,0.1860657
56.17423,0.1876831
56.19424,0.1993103
56.21423,0.2026367
56.23424,0.2047729
56.25423,0.2088623
56.27423,0.2120972
56.29424,0.2089233
56.31423,0.2207031
56.33424,0.2406616
56.35423,0.2504578
56.37424,0.2619324
56.39423,0.2703247
56.41424,0.2640381
56.43423,0.2655029
56.45423,0.2496948
56.47424,0.2466125
56.49423,0.25354
56.51424,0.25354
56.53423,0.2522583
56.55424,0.2432861
56.57423,0.2282104
56.59424,0.2433777
56.61423,0.23526
56.63423,0.227478
56.65424,0.2277527
56.67423,0.2234192
56.69424,0.2159119
56.71423,0.2206116
56.73424,0.223938
56.75423,0.2196655
56.77423,0.223999
56.79424,0.2225037
56.81423,0.2214661
56.83424,0.2176819
56.85423,0.2124329
56.87424,0.2207947
56.89423,0.2097168
56.91424,0.2130127
56.93423,0.2152405
56.95423,0.2123718
56.97424,0.2097168
56.99423,0.2061768
57.01424,0.2020569
57.03423,0.1895752
57.05424,0.188324
57.07423,0.1879883
57.09424,0.1816406
57.11423,0.1858521
57.13423,0.1946106
57.15424,0.1886292
57.17423,0.1849976
57.19424,0.1835632
57.21423,0.1920776
57.23424,0.1863098
57.25423,0.1980896
57.27423,0.2187195
57.29424,0.23172
57.31423,0.2240295
57.33424,0.2388306
57.35423,0.231842
57.37424,0.2387695
57.39423,0.2350769
57.41424,0.2457581
57.43423,0.2504272
57.45423,0.2495117
57.47424,0.261322
57.49423,0.2761536
57.51424,0.2662964
57.53423,0.2683105
57.55424,0.2791443
57.57423,0.2832947
57.59424,0.2761841
57.61423,0.2722168
57.63423,0.2731323
57.65424,0.2754822
57.67423,0.2771912
57.69424,0.2733765
57.71423,0.2746277
57.73424,0.2817078
57.75423,0.2835083
57.77423,0.2819214
57.79424,0.2809448
57.81423,0.2738953
57.83424,0.2740173
57.85423,0.2796326
57.87424,0.2712708
57.89423,0.2653809
57.91424,0.2713623
57.93423,0.263916
57.95423,0.2685547
57.97424,0.2600708
57.99423,0.2538757
58.01424,0.2483215
58.03423,0.2508545
58.05424,0.2536621
58.07423,0.2524719
58.09424,0.2481079
58.11423,0.2513428
58.13423,0.2392883
58.15424,0.2412415
58.17423,0.2488708
58.19424,0.2420654
58.21423,0.254364
58.23424,0.2734985
58.25423,0.2846375
58.27423,0.2827148
58.29424,0.2841187
58.31423,0.2880249
58.33424,0.2857361
58.35423,0.2915344
58.37424,0.2921143
58.39423,0.2866821
58.41424,0.2941589
58.43423,0.3108826
58.45423,0.3023071
58.47424,0.3130188
58.49423,0.307312
58.51424,0.3143311
58.53423,0.3104553
58.55424,0.3097229
58.57423,0.3015442
58.59424,0.2965088
58.61423,0.2993164
58.63423,0.3006287
58.65424,0.3018799
58.67423,0.3130188
58.69424,0.3187256
58.71423,0.3124084
58.73424,0.3212891
58.75423,0.3125305
58.77423,0.3127441
58.79424,0.3024902
58.81423,0.2958069
58.83424,0.2908936
58.85423,0.2851563
58.87424,0.2869873
58.89423,0.2924194
58.91424,0.2872314
58.93423,0.2849731
58.95423,0.278595
58.97424,0.2717285
58.99423,0.2684937
59.01424,0.2666626
59.03423,0.2690125
59.05424,0.2694702
59.07423,0.2677307
59.09424,0.2695923
59.11423,0.2681274
59.13423,0.2677917
59.15424,0.2583313
59.17423,0.2631531
59.19424,0.2612915
59.21423,0.2633057
59.23424,0.2591858
59.25423,0.2271423
59.27423,0.2199402
59.29424,0.2271118
59.31423,0.2258301
59.33424,0.2225342
59.35423,0.2021484
59.37424,0.209259
59.39423,0.2477112
59.41424,0.2542725
59.43423,0.2819824
59.45423,0.2915649
59.47424,0.2394409
59.49423,0.2441711
59.51424,0.2402039
59.53423,0.243927
59.55424,0.2562561
59.57423,0.2408752
59.59424,0.2634583
59.61423,0.2658081
59.63423,0.2593689
59.65424,0.2417908
59.67423,0.2499695
59.69424,0.2391968
59.71423,0.2398682
59.73424,0.2657166
59.75423,0.271759
59.77423,0.2798462
59.79424,0.286499
59.81423,0.2951355
59.83424,0.2944641
59.85423,0.2896423
59.87424,0.2882385
59.89423,0.2915649
59.91424,0.2896118
59.93423,0.3018188
59.95423,0.3015747
59.97424,0.3001709
59.99423,0.2989807
60.01424,0.3072815
60.03423,0.2989807
60.05424,0.3039856
60.07423,0.297821
60.09424,0.2872009
60.11423,0.2879639
60.13423,0.2905884
60.15424,0.3232117
60.17423,0.3163757
60.19424,0.3157959
60.21423,0.3243713
60.23424,0.3242188
60.25423,0.3249817
60.27423,0.3274231
60.29424,0.3275452
60.31423,0.3296204
60.33424,0.3346558
60.35423,0.3430786
60.37424,0.3374329
60.39423,0.3338318
60.41424,0.3371277
60.43423,0.3473511
60.45423,0.3503418
60.47424,0.3546753
60.49423,0.3526001
60.51424,0.3516541
60.53423,0.3554077
60.55424,0.3607178
60.57423,0.3675537
60.59424,0.3829651
60.61423,0.4019775
60.63423,0.4090576
60.65424,0.4171143
60.67423,0.4165955
60.69424,0.4177246
60.71423,0.4137573
60.73424,0.4125366
60.75423,0.421875
60.77423,0.4200134
60.79424,0.4211121
60.81423,0.4101563
60.83424,0.4101563
60.85423,0.4061584
60.87424,0.4046631
60.89423,0.4028625
60.91424,0.3970642
60.93423,0.3894348
60.95423,0.3898621
60.97424,0.3825684
60.99423,0.3586426
61.01424,0.3374023
61.03423,0.3547058

